"last_name, first_name","player_id","year","r_total_stolen_base","r_caught_stealing_2b","r_caught_stealing_3b","r_caught_stealing_home","r_defensive_indiff","r_interference","r_pickoff_1b","r_pickoff_2b","r_pickoff_3b","r_stolen_base_2b","r_stolen_base_3b","r_stolen_base_home","r_stolen_base_pct","r_total_pickoff"
"Quinn, Roman",596451,2020,"12","0","0","0","0","0","1","0","0","11","1","0",,"1"
"Cruz Jr., Nelson",443558,2020,"0","0","0","0","0","0","0","0","0","0","0","0",,"0"
"Cabrera, Miguel",408234,2020,"1","0","0","0","0","0","0","0","0","0","1","0",,"0"
"Allen, Greg",656185,2020,"2","0","0","0","0","0","0","0","0","2","0","0",,"0"
"LeMahieu, DJ",518934,2020,"3","0","0","0","1","0","0","0","0","2","1","0",,"0"
"Gurriel Jr., Yuli",493329,2020,"0","1","0","0","0","0","0","0","0","0","0","0",,"0"
"González, Erik",570481,2020,"2","2","1","0","0","0","0","0","0","1","1","0",,"0"
"Gregorius, Didi",544369,2020,"3","2","0","0","1","0","1","0","0","3","0","0",,"1"
"Ramírez, José",608070,2020,"10","1","1","1","0","0","1","1","0","8","2","0",,"2"
"Adams, Matt",571431,2020,"0","0","0","0","0","0","0","0","0","0","0","0",,"0"
"Soto, Juan",665742,2020,"5","2","0","0","1","0","0","0","0","6","0","0",,"0"
"Heath, Nick",670084,2020,"2","2","0","0","0","0","0","0","0","1","1","0",,"0"
"Jones, JaCoby",592444,2020,"1","1","0","0","0","0","1","0","0","1","0","0",,"1"
"Chisholm Jr., Jazz",665862,2020,"2","2","0","0","0","0","1","0","0","2","0","0",,"1"
"Canó, Robinson",429664,2020,"0","0","0","0","0","0","0","0","0","0","0","0",,"0"
"Pederson, Joc",592626,2020,"1","0","0","0","1","0","0","0","0","1","0","0",,"0"
"Reddick, Josh",502210,2020,"1","0","0","0","0","0","0","0","0","1","0","0",,"0"
"Walker, Christian",572233,2020,"1","1","0","0","0","0","1","0","0","1","0","0",,"1"
"Franco, Maikel",596748,2020,"1","0","0","0","0","0","0","0","0","1","0","0",,"0"
"McNeil, Jeff",643446,2020,"0","2","0","0","0","0","1","0","0","0","0","0",,"1"
"Adell, Jo",666176,2020,"0","1","0","0","0","0","0","0","0","0","0","0",,"0"
"Arraez, Luis",650333,2020,"0","0","0","0","0","0","0","0","0","0","0","0",,"0"
"Chirinos, Robinson",455139,2020,"0","0","0","0","0","0","0","0","0","0","0","0",,"0"
"Fuentes, Joshua",658069,2020,"1","0","0","0","0","0","0","0","0","1","0","0",,"0"
"Taylor, Beau",607333,2020,"0","0","0","0","0","0","0","0","0","0","0","0",,"0"
"Rodríguez, Sean",446481,2020,"0","0","0","0","0","0","0","0","0","0","0","0",,"0"
"Akiyama, Shogo",673451,2020,"7","3","0","0","0","0","1","0","0","7","0","0",,"1"
"Pence, Hunter",452254,2020,"0","0","0","0","0","0","0","0","0","0","0","0",,"0"
"Hoerner, Nico",663538,2020,"3","2","0","0","0","0","0","0","0","3","0","0",,"0"
"Dixon, Brandon",641525,2020,"0","0","0","0","0","0","0","0","0","0","0","0",,"0"
"Cespedes, Yoenis",493316,2020,"0","0","0","0","0","0","0","0","0","0","0","0",,"0"
"Perez, Salvador",521692,2020,"1","0","0","0","0","0","0","0","0","1","0","0",,"0"
"Smith, Pavin",656976,2020,"1","0","0","0","0","0","0","0","0","1","0","0",,"0"
"Anderson, Tim",641313,2020,"5","2","0","0","0","0","1","1","0","5","0","0",,"2"
"Bote, David",623520,2020,"2","0","0","0","0","0","0","0","0","2","0","0",,"0"
"Mercado, Óscar",640458,2020,"3","0","0","0","0","0","0","0","0","3","0","0",,"0"
"Núñez, Renato",600524,2020,"0","0","0","0","4","0","0","0","0","0","0","0",,"0"
"Jeffers, Ryan",680777,2020,"0","0","0","0","0","0","0","0","0","0","0","0",,"0"
"Lopes, Tim",621005,2020,"5","0","0","0","0","0","0","0","0","5","0","0",,"0"
"Cordero, Franchy",614173,2020,"1","0","0","0","1","0","0","0","0","1","0","0",,"0"
"Pollock, AJ",572041,2020,"2","1","1","0","2","0","1","0","0","2","0","0",,"1"
"Suzuki, Kurt",435559,2020,"1","0","0","0","0","0","0","0","0","1","0","0",,"0"
"Garlick, Kyle",664247,2020,"0","0","0","0","0","0","0","0","0","0","0","0",,"0"
"Díaz, Aledmys",649557,2020,"0","0","0","0","0","0","0","0","0","0","0","0",,"0"
"Vogt, Stephen",519390,2020,"0","0","0","0","0","0","0","0","0","0","0","0",,"0"
"Giménez, Andrés",665926,2020,"8","1","0","0","0","0","2","0","0","8","0","0",,"2"
"Higashioka, Kyle",543309,2020,"0","0","0","0","0","0","0","0","0","0","0","0",,"0"
"Hosmer, Eric",543333,2020,"4","0","0","0","0","0","0","0","0","4","0","0",,"0"
"Espinal, Santiago",669289,2020,"1","0","0","0","0","0","0","0","0","0","1","0",,"0"
"Almora Jr., Albert",546991,2020,"0","0","0","0","0","0","0","0","0","0","0","0",,"0"
"Cooper, Garrett",643265,2020,"0","0","0","0","0","0","0","0","0","0","0","0",,"0"
"Wade Jr., LaMonte",664774,2020,"1","1","0","0","1","0","1","0","0","1","0","0",,"1"
"Aguilar, Jesús",542583,2020,"0","0","1","0","0","0","0","0","0","0","0","0",,"0"
"Cabrera, Asdrúbal",452678,2020,"0","0","0","0","1","0","0","0","0","0","0","0",,"0"
"Biggio, Cavan",624415,2020,"6","0","0","0","0","0","0","0","0","4","2","0",,"0"
"Moncada, Yoán",660162,2020,"0","0","0","0","0","0","0","0","0","0","0","0",,"0"
"Heineman, Tyler",623168,2020,"1","0","0","0","0","0","0","0","0","1","0","0",,"0"
"Tauchman, Mike",643565,2020,"6","0","0","0","0","0","0","0","0","5","1","0",,"0"
"Soler, Jorge",624585,2020,"0","0","0","0","0","0","0","0","0","0","0","0",,"0"
"Kemp, Matt",461314,2020,"1","0","0","0","0","0","0","0","0","1","0","0",,"0"
"Brinson, Lewis",621446,2020,"4","0","0","0","0","0","0","0","0","4","0","0",,"0"
"Estrada, Thairo",642731,2020,"1","0","0","0","0","0","0","0","0","1","0","0",,"0"
"Pujols, Albert",405395,2020,"0","0","0","0","0","0","0","0","0","0","0","0",,"0"
"Escobar, Eduardo",500871,2020,"1","0","0","0","1","0","0","0","0","1","0","0",,"0"
"Arcia, Orlando",606115,2020,"2","0","0","0","0","0","0","0","0","2","0","0",,"0"
"Gutiérrez, Kelvin",642721,2020,"0","0","0","0","0","0","0","0","0","0","0","0",,"0"
"VanMeter, Josh",642165,2020,"1","0","0","0","2","0","0","0","0","1","0","0",,"0"
"Garneau, Dustin",572863,2020,"0","0","0","0","0","0","0","0","0","0","0","0",,"0"
"Taveras, Leody",665750,2020,"8","0","0","0","0","0","0","0","0","5","2","1",,"0"
"Severino, Pedro",600474,2020,"1","0","0","0","0","0","0","1","0","1","0","0",,"1"
"Rosario, Eddie",592696,2020,"3","1","0","0","1","0","2","0","0","3","0","0",,"2"
"Voit III, Luke",572228,2020,"0","0","0","0","0","0","0","0","0","0","0","0",,"0"
"Mathis, Jeff",425772,2020,"1","0","0","0","0","0","0","0","0","1","0","0",,"0"
"Davis, Jaylin",664041,2020,"0","0","0","0","0","0","0","0","0","0","0","0",,"0"
"Contreras, William",661388,2020,"0","0","0","0","0","0","0","0","0","0","0","0",,"0"
"Beaty, Matt",607461,2020,"0","0","0","0","0","0","0","0","0","0","0","0",,"0"
"Wieters, Matt",446308,2020,"0","0","0","0","0","0","0","0","0","0","0","0",,"0"
"Butera, Drew",460077,2020,"0","0","0","0","0","0","0","0","0","0","0","0",,"0"
"Long Jr., Shed",643418,2020,"4","0","0","0","0","0","0","0","1","4","0","0",,"1"
"Bradley Jr., Jackie",598265,2020,"5","2","0","0","0","0","0","0","0","5","0","0",,"0"
"Reynolds, Bryan",668804,2020,"1","0","1","0","2","0","0","0","0","1","0","0",,"0"
"Frazier, Clint",640449,2020,"3","0","0","0","0","0","0","0","0","3","0","0",,"0"
"Fisher, Derek",605233,2020,"0","1","0","0","0","0","0","0","0","0","0","0",,"0"
"Sánchez, Gary",596142,2020,"0","0","0","0","0","0","0","0","0","0","0","0",,"0"
"Martinez, J.D.",502110,2020,"1","0","0","0","1","0","0","0","0","0","1","0",,"0"
"Cave, Jake",595909,2020,"0","2","0","0","0","0","0","0","0","0","0","0",,"0"
"Viloria, Meibrys",650619,2020,"0","0","0","0","0","0","0","0","0","0","0","0",,"0"
"Alberto, Hanser",593643,2020,"3","0","0","0","1","0","0","0","0","3","0","0",,"0"
"Riley, Austin",663586,2020,"0","0","0","0","0","0","0","0","0","0","0","0",,"0"
"Gosselin, Phil",594838,2020,"0","0","0","0","1","0","0","0","0","0","0","0",,"0"
"Díaz, Isan",656371,2020,"0","0","0","0","0","0","0","0","0","0","0","0",,"0"
"Dickerson, Corey",572816,2020,"1","1","0","0","0","0","0","0","0","1","0","0",,"0"
"Canha, Mark",592192,2020,"4","0","0","0","0","0","0","0","0","4","0","0",,"0"
"Goins, Ryan",572365,2020,"0","0","0","0","0","0","0","0","0","0","0","0",,"0"
"Martínez, José A.",500874,2020,"0","0","0","0","0","0","0","0","0","0","0","0",,"0"
"Gordon, Alex",460086,2020,"0","0","0","0","0","0","0","0","0","0","0","0",,"0"
"Bohm, Alec",664761,2020,"1","1","0","0","0","0","0","0","0","1","0","0",,"0"
"Tatis Jr., Fernando",665487,2020,"11","2","1","0","0","0","2","1","0","9","2","0",,"3"
"Seager, Corey",608369,2020,"1","0","0","0","0","0","0","0","0","1","0","0",,"0"
"Phegley, Josh",572033,2020,"0","0","0","0","0","0","0","0","0","0","0","0",,"0"
"Díaz, Lewin",650331,2020,"0","0","0","0","0","0","0","0","0","0","0","0",,"0"
"Davis, Khris",501981,2020,"0","0","0","0","0","0","0","0","0","0","0","0",,"0"
"Gallagher, Cam",595956,2020,"0","0","0","0","0","0","0","1","0","0","0","0",,"1"
"Robertson, Daniel",621002,2020,"0","0","0","0","0","0","0","0","0","0","0","0",,"0"
"Encarnación, Edwin",429665,2020,"0","0","0","0","0","0","0","0","0","0","0","0",,"0"
"Olson, Matt",621566,2020,"1","0","0","0","0","0","0","0","0","1","0","0",,"0"
"Hamilton, Billy",571740,2020,"6","1","1","0","0","0","0","0","0","5","0","1",,"0"
"Hermosillo, Michael",641684,2020,"1","0","0","0","0","0","0","0","0","1","0","0",,"0"
"Toro, Abraham",647351,2020,"1","1","0","0","0","0","0","0","0","1","0","0",,"0"
"Gyorko, Jedd",576397,2020,"0","0","0","0","0","0","0","0","0","0","0","0",,"0"
"Donaldson, Josh",518626,2020,"0","0","0","0","0","0","0","0","0","0","0","0",,"0"
"Newman, Kevin",621028,2020,"0","1","0","0","0","0","0","0","0","0","0","0",,"0"
"DeJong, Paul",657557,2020,"1","0","0","0","0","0","0","0","0","1","0","0",,"0"
"Astudillo, Willians",553902,2020,"0","0","0","0","0","0","0","0","0","0","0","0",,"0"
"Robles, Victor",645302,2020,"4","1","0","0","1","0","1","0","0","2","2","0",,"1"
"Blackmon, Charlie",453568,2020,"2","1","0","0","1","0","0","0","0","2","0","0",,"0"
"Ramírez, Harold",623912,2020,"0","1","0","0","0","0","0","0","0","0","0","0",,"0"
"White, Eli",642201,2020,"1","1","0","0","0","0","0","0","0","1","0","0",,"0"
"Vargas, Ildemaro",545121,2020,"0","0","0","0","0","0","0","0","0","0","0","0",,"0"
"Narváez, Omar",553882,2020,"0","0","0","0","0","0","0","0","0","0","0","0",,"0"
"Hampson, Garrett",641658,2020,"6","1","0","0","1","0","2","0","0","4","2","0",,"2"
"Cron, Kevin",605196,2020,"0","0","0","0","0","0","0","0","0","0","0","0",,"0"
"García, Avisaíl",541645,2020,"1","3","0","0","2","0","1","0","0","1","0","0",,"1"
"Rodgers, Brendan",663898,2020,"0","0","0","0","0","0","0","0","0","0","0","0",,"0"
"Payton, Mark",592622,2020,"1","0","0","0","0","0","0","0","0","1","0","0",,"0"
"Stephenson, Tyler",663886,2020,"0","0","0","0","0","0","0","0","0","0","0","0",,"0"
"Bichette, Bo",666182,2020,"4","1","0","0","1","0","0","0","0","4","0","0",,"0"
"Goodwin, Brian",571718,2020,"5","0","0","0","1","0","0","1","0","5","0","0",,"1"
"Thaiss, Matt",642136,2020,"0","0","0","0","0","0","0","0","0","0","0","0",,"0"
"Rendon, Anthony",543685,2020,"0","0","0","0","0","0","0","0","0","0","0","0",,"0"
"Zimmer, Bradley",605548,2020,"2","1","0","0","0","0","0","0","0","2","0","0",,"0"
"Longoria, Evan",446334,2020,"0","1","0","0","1","0","0","0","0","0","0","0",,"0"
"Miller, Brad",543543,2020,"1","0","0","0","1","0","0","0","0","1","0","0",,"0"
"Ozuna, Marcell",542303,2020,"0","0","0","0","0","0","0","0","0","0","0","0",,"0"
"Gardner, Brett",458731,2020,"3","3","0","0","1","0","0","0","0","2","1","0",,"0"
"Betts, Mookie",605141,2020,"10","2","0","0","0","0","0","0","0","7","2","1",,"0"
"Buxton, Byron",621439,2020,"2","1","0","0","0","0","0","0","0","2","0","0",,"0"
"Cameron, Daz",663662,2020,"1","0","0","0","0","0","0","0","0","1","0","0",,"0"
"Odor, Rougned",596059,2020,"0","1","0","0","0","0","0","0","0","0","0","0",,"0"
"Sierra, Magneuris",642423,2020,"4","1","0","0","1","0","2","0","0","4","0","0",,"2"
"Moniak, Mickey",666160,2020,"0","0","0","0","0","0","0","0","0","0","0","0",,"0"
"Forsythe, Logan",523253,2020,"0","0","0","0","0","0","0","0","0","0","0","0",,"0"
"Muncy, Max",571970,2020,"1","0","0","0","1","0","0","0","0","1","0","0",,"0"
"Reyes, Franmil",614177,2020,"0","0","0","0","0","0","0","0","0","0","0","0",,"0"
"Dozier, Brian",572821,2020,"0","0","0","0","0","0","0","0","0","0","0","0",,"0"
"Smith, Kevan",607345,2020,"0","0","0","0","0","0","0","0","0","0","0","0",,"0"
"Polanco, Gregory",570256,2020,"3","1","0","0","0","0","0","1","0","3","0","0",,"1"
"Noll, Jake",669738,2020,"0","0","0","0","0","0","0","0","0","0","0","0",,"0"
"Mejia, Erick",625510,2020,"1","0","0","0","0","0","0","0","0","1","0","0",,"0"
"Pillar, Kevin",607680,2020,"5","2","0","0","0","0","0","0","0","4","1","0",,"0"
"Murphy, Daniel",502517,2020,"0","0","0","0","1","0","0","0","0","0","0","0",,"0"
"Reyes, Victor",622682,2020,"8","2","0","0","1","0","0","1","0","7","1","0",,"1"
"Gallo, Joey",608336,2020,"2","0","0","0","1","0","0","0","0","2","0","0",,"0"
"Davis, J.D.",605204,2020,"0","0","0","0","0","0","0","1","0","0","0","0",,"1"
"Carlson, Dylan",666185,2020,"1","1","0","0","0","0","0","0","0","1","0","0",,"0"
"Contreras, Willson",575929,2020,"1","2","0","0","0","0","0","0","0","1","0","0",,"0"
"Semien, Marcus",543760,2020,"4","0","0","0","0","0","0","0","0","4","0","0",,"0"
"Camargo, Johan",622666,2020,"0","0","0","0","0","0","0","0","0","0","0","0",,"0"
"Wong, Kolten",543939,2020,"5","2","0","0","1","0","1","0","0","4","1","0",,"1"
"Hays, Austin",669720,2020,"2","3","0","0","0","0","1","0","0","2","0","0",,"1"
"Inciarte, Ender",542255,2020,"4","1","0","0","0","0","0","0","0","3","1","0",,"0"
"Thomas, Lane",657041,2020,"0","0","0","0","0","0","0","0","0","0","0","0",,"0"
"Allen, Austin",664119,2020,"0","0","0","0","0","0","0","0","0","0","0","0",,"0"
"Piña, Manny",444489,2020,"0","0","0","0","0","0","0","0","0","0","0","0",,"0"
"Galvis, Freddy",520471,2020,"1","1","0","0","1","0","0","0","0","1","0","0",,"0"
"Peraza, José",606299,2020,"1","0","1","0","0","0","0","0","0","1","0","0",,"0"
"Jankowski, Travis",608671,2020,"2","1","0","0","0","0","1","0","0","2","0","0",,"1"
"Riddle, JT",595375,2020,"1","0","0","0","0","0","0","0","0","1","0","0",,"0"
"Peterson, Jace",607054,2020,"1","0","0","0","0","0","0","0","0","1","0","0",,"0"
"Castro, Starlin",516770,2020,"0","0","0","0","0","0","0","0","0","0","0","0",,"0"
"Devers, Rafael",646240,2020,"0","0","0","0","0","0","0","0","0","0","0","0",,"0"
"Frazier, Adam",624428,2020,"1","3","0","0","2","0","3","0","0","1","0","0",,"3"
"Hernández, Enrique",571771,2020,"0","0","0","1","0","0","0","0","0","0","0","0",,"0"
"Torrens, Luis",620443,2020,"0","0","0","0","0","0","0","0","0","0","0","0",,"0"
"Tellez, Rowdy",642133,2020,"0","1","0","0","0","0","1","0","0","0","0","0",,"1"
"Heredia, Guillermo",628338,2020,"1","0","0","0","0","0","0","0","0","1","0","0",,"0"
"McGuire, Reese",624512,2020,"0","0","0","0","0","0","0","0","0","0","0","0",,"0"
"Choi, Ji Man",596847,2020,"0","0","0","0","0","0","0","0","0","0","0","0",,"0"
"Sánchez, Yolmer",570560,2020,"0","0","0","0","0","0","0","0","0","0","0","0",,"0"
"Story, Trevor",596115,2020,"15","3","0","0","0","0","2","0","0","14","1","0",,"2"
"Kipnis, Jason",543401,2020,"1","0","0","0","0","0","0","0","0","1","0","0",,"0"
"Tucker, Kyle",663656,2020,"8","1","0","0","0","0","0","0","0","8","0","0",,"0"
"Stewart, Christin",621514,2020,"0","0","0","0","0","0","0","0","0","0","0","0",,"0"
"Haggerty, Sam",664059,2020,"4","0","0","0","0","0","0","0","0","4","0","0",,"0"
"Locastro, Tim",641796,2020,"4","0","0","0","1","0","0","0","0","4","0","0",,"0"
"Kepler, Max",596146,2020,"3","0","0","0","0","0","0","0","0","3","0","0",,"0"
"McCutchen, Andrew",457705,2020,"4","0","0","0","0","0","1","0","0","4","0","0",,"1"
"Lugo, Dawel",608475,2020,"0","0","0","0","0","0","0","0","0","0","0","0",,"0"
"Lowe, Brandon",664040,2020,"3","0","0","0","0","0","0","0","0","3","0","0",,"0"
"Naylor, Josh",647304,2020,"1","0","0","0","0","0","0","0","0","1","0","0",,"0"
"Mateo, Jorge",622761,2020,"0","0","0","0","0","0","1","0","0","1","0","0",,"1"
"Suárez, Eugenio",553993,2020,"2","0","0","0","0","0","0","0","0","2","0","0",,"0"
"Hudson, Joe",621529,2020,"0","0","0","0","0","0","0","0","0","0","0","0",,"0"
"Upton, Justin",457708,2020,"0","2","0","0","0","0","0","0","0","0","0","0",,"0"
"Barreto, Franklin",620439,2020,"1","0","0","0","0","0","0","0","0","1","0","0",,"0"
"Smith, Will",669257,2020,"0","0","0","0","1","0","0","0","1","0","0","0",,"1"
"Drury, Brandon",592273,2020,"0","0","0","0","1","0","0","0","0","0","0","0",,"0"
"Ervin, Phillip",640447,2020,"1","0","0","0","0","0","0","0","0","1","0","0",,"0"
"Souza Jr., Steven",519306,2020,"1","0","0","0","0","0","0","0","0","0","1","0",,"0"
"Muñoz, Yairo",622168,2020,"2","0","0","0","0","0","0","0","0","2","0","0",,"0"
"Stubbs, Garrett",596117,2020,"0","0","1","0","0","0","0","0","0","0","0","0",,"0"
"Calhoun, Kole",594777,2020,"1","1","0","0","0","0","1","0","0","1","0","0",,"1"
"Smith Jr., Dwight",596105,2020,"1","0","0","0","0","0","0","0","0","1","0","0",,"0"
"Knapp, Andrew",595284,2020,"0","0","0","0","0","0","0","0","0","0","0","0",,"0"
"Torres, Gleyber",650402,2020,"1","0","0","0","0","0","1","0","0","1","0","0",,"1"
"Pérez, Roberto",547379,2020,"0","0","0","0","0","0","0","0","0","0","0","0",,"0"
"Díaz, Elias",553869,2020,"0","0","0","0","0","0","0","0","0","0","0","0",,"0"
"Segura, Jean",516416,2020,"2","2","0","0","1","0","0","0","0","2","0","0",,"0"
"Guillorme, Luis",641645,2020,"2","0","0","0","0","0","0","0","0","2","0","0",,"0"
"Greiner, Grayson",606988,2020,"0","0","0","0","0","0","0","0","0","0","0","0",,"0"
"Fowler, Dexter",451594,2020,"1","1","0","0","0","0","0","0","0","1","0","0",,"0"
"Ford, Mike",645801,2020,"0","0","0","0","1","0","0","0","0","0","0","0",,"0"
"Flores, Wilmer",527038,2020,"1","0","0","0","0","0","0","0","0","1","0","0",,"0"
"Taylor, Chris",621035,2020,"3","2","0","0","0","0","1","0","0","2","1","0",,"1"
"Urshela, Gio",570482,2020,"1","0","0","0","1","0","0","0","0","1","0","0",,"0"
"Tucker, Cole",657061,2020,"1","0","0","0","0","0","0","0","0","1","0","0",,"0"
"Moustakas, Mike",519058,2020,"1","0","0","0","0","0","0","0","0","1","0","0",,"0"
"Murphy, Sean",669221,2020,"0","0","0","0","0","0","0","0","0","0","0","0",,"0"
"Brosseau, Mike",670712,2020,"2","0","0","0","0","0","1","0","0","2","0","0",,"1"
"Alonso, Pete",624413,2020,"1","0","0","0","0","0","0","0","0","1","0","0",,"0"
"Rojas, Miguel",500743,2020,"5","0","1","0","0","0","0","0","0","5","0","0",,"0"
"Happ, Ian",664023,2020,"1","3","0","0","0","0","0","0","0","1","0","0",,"0"
"Grossman, Robbie",543257,2020,"8","1","0","0","0","0","2","0","0","7","1","0",,"2"
"Hicks, Aaron",543305,2020,"4","0","1","0","0","0","0","0","0","4","0","0",,"0"
"Flowers, Tyler",452095,2020,"0","0","0","0","0","0","0","0","0","0","0","0",,"0"
"Varsho, Daulton",662139,2020,"3","1","0","0","1","0","0","0","0","2","1","0",,"0"
"Meadows, Austin",640457,2020,"2","1","0","0","0","0","0","0","0","2","0","0",,"0"
"Mejía, Francisco",642336,2020,"0","0","0","0","0","0","0","0","0","0","0","0",,"0"
"Bruce, Jay",457803,2020,"0","0","0","0","0","0","0","0","0","0","0","0",,"0"
"Vázquez, Christian",543877,2020,"4","2","1","0","1","0","1","0","0","3","1","0",,"1"
"Sandoval, Pablo",467055,2020,"0","0","0","0","0","0","0","0","0","0","0","0",,"0"
"Myers, Wil",571976,2020,"2","1","0","0","0","0","2","0","0","2","0","0",,"2"
"Marisnick, Jake",545350,2020,"0","0","0","0","0","0","0","0","0","0","0","0",,"0"
"Tejeda, Anderson",660731,2020,"4","1","0","0","0","0","2","0","0","4","0","0",,"2"
"Nola, Austin",543592,2020,"0","0","0","0","0","0","0","0","0","0","0","0",,"0"
"Wade, Tyler",642180,2020,"4","1","0","0","0","0","0","0","0","3","1","0",,"0"
"Panik, Joe",605412,2020,"0","0","0","0","2","0","0","0","0","0","0","0",,"0"
"Reynolds, Matt",608703,2020,"0","0","0","0","0","0","0","0","0","0","0","0",,"0"
"Adames, Willy",642715,2020,"2","1","0","0","0","0","0","0","0","2","0","0",,"0"
"Bellinger, Cody",641355,2020,"6","1","0","0","0","0","1","0","0","5","1","0",,"1"
"Rengifo, Luis",650859,2020,"3","1","0","0","0","0","1","0","0","3","0","0",,"1"
"Refsnyder, Rob",608701,2020,"0","0","0","0","1","0","0","0","0","0","0","0",,"0"
"Ahmed, Nick",605113,2020,"4","0","0","0","0","0","0","0","0","4","0","0",,"0"
"Pérez, Michael",605421,2020,"0","0","0","0","0","0","0","0","0","0","0","0",,"0"
"Difo, Wilmer",594694,2020,"0","0","0","0","1","0","0","0","0","0","0","0",,"0"
"Stewart, DJ",621466,2020,"0","0","0","0","0","0","0","0","0","0","0","0",,"0"
"Altuve, Jose",514888,2020,"2","3","0","0","0","0","3","0","0","2","0","0",,"3"
"Harrison, Josh",543281,2020,"1","2","0","0","0","0","1","0","0","1","0","0",,"1"
"Votto, Joey",458015,2020,"0","0","0","0","0","0","0","0","0","0","0","0",,"0"
"Starling, Bubba",605490,2020,"0","0","0","0","1","0","0","0","0","0","0","0",,"0"
"Guerrero Jr., Vladimir",665489,2020,"1","0","0","0","0","0","0","1","0","1","0","0",,"1"
"Choo, Shin-Soo",425783,2020,"6","2","0","0","1","0","0","0","0","4","2","0",,"0"
"Bishop, Braden",623323,2020,"1","0","0","0","0","0","0","0","0","1","0","0",,"0"
"Eaton, Adam",594809,2020,"3","0","0","0","0","0","0","0","0","3","0","0",,"0"
"Ruiz, Rio",547004,2020,"1","1","1","0","1","0","0","0","0","1","0","0",,"0"
"Bregman, Alex",608324,2020,"0","0","0","0","0","0","0","0","0","0","0","0",,"0"
"Kingery, Scott",664068,2020,"0","0","0","0","0","0","0","0","0","0","0","0",,"0"
"Díaz, Yandy",650490,2020,"0","0","0","0","0","0","0","0","0","0","0","0",,"0"
"Vogelbach, Daniel",596129,2020,"0","0","0","0","0","0","0","0","0","0","0","0",,"0"
"Ohtani, Shohei",660271,2020,"7","1","0","0","0","0","0","0","0","7","0","0",,"0"
"Kelly, Carson",608348,2020,"0","0","0","0","0","0","0","0","0","0","0","0",,"0"
"Cervelli, Francisco",465041,2020,"1","0","0","0","0","0","0","0","0","1","0","0",,"0"
"Hechavarría, Adeiny",588751,2020,"0","0","0","0","0","0","0","0","0","0","0","0",,"0"
"Wallach, Chad",595453,2020,"0","0","0","0","0","0","0","0","0","0","0","0",,"0"
"Gonzalez, Marwin",503556,2020,"0","0","0","0","2","0","0","0","0","0","0","0",,"0"
"Urías, Luis",649966,2020,"2","1","1","0","0","0","1","0","0","2","0","0",,"1"
"Rosario, Amed",642708,2020,"0","1","0","0","0","0","1","0","0","0","0","0",,"1"
"Braun, Ryan",460075,2020,"1","0","0","0","0","0","0","0","0","1","0","0",,"0"
"Villar, Jonathan",542340,2020,"16","4","1","0","0","0","3","0","1","11","5","0",,"4"
"Tsutsugo, Yoshi",660294,2020,"0","0","0","0","0","0","0","0","0","0","0","0",,"0"
"Smith, Mallex",605480,2020,"2","0","0","0","0","0","0","1","0","2","0","0",,"1"
"Margot, Manuel",622534,2020,"12","3","1","0","1","0","1","0","0","11","1","0",,"1"
"Paredes, Isaac",670623,2020,"0","0","0","0","0","0","1","0","0","0","0","0",,"1"
"Fletcher, David",664058,2020,"2","1","0","0","0","0","0","0","0","2","0","0",,"0"
"Kratz, Erik",456124,2020,"0","0","0","0","0","0","0","0","0","0","0","0",,"0"
"Dickerson, Alex",543105,2020,"0","0","0","0","1","0","1","0","0","0","0","0",,"1"
"Rios, Edwin",621458,2020,"0","0","0","0","0","0","0","0","0","0","0","0",,"0"
"Chapman, Matt",656305,2020,"0","0","0","0","0","0","0","0","0","0","0","0",,"0"
"Murphy, John Ryan",571974,2020,"0","0","0","0","0","0","0","0","0","0","0","0",,"0"
"Smith, Dominic",642086,2020,"0","0","0","0","0","0","0","0","0","0","0","0",,"0"
"Garver, Mitch",641598,2020,"0","0","0","0","0","0","0","0","0","0","0","0",,"0"
"Mathias, Mark",664029,2020,"1","0","0","0","0","0","0","0","0","1","0","0",,"0"
"Araúz, Jonathan",660620,2020,"0","0","0","0","0","0","0","0","1","0","0","0",,"1"
"Alford, Anthony",546990,2020,"3","0","0","0","0","0","0","0","0","2","1","0",,"0"
"Profar, Jurickson",595777,2020,"7","1","0","0","0","0","0","0","0","6","1","0",,"0"
"Ward, Taylor",621493,2020,"2","0","0","0","1","0","0","0","0","2","0","0",,"0"
"Sogard, Eric",519299,2020,"0","0","0","0","0","0","0","0","0","0","0","0",,"0"
"Winker, Jesse",608385,2020,"1","0","0","0","0","0","0","0","0","1","0","0",,"0"
"Dahl, David",621311,2020,"1","0","0","0","0","0","0","0","0","1","0","0",,"0"
"Grichuk, Randal",545341,2020,"1","1","0","0","0","0","0","0","0","1","0","0",,"0"
"Calhoun, Willie",641432,2020,"0","0","0","0","0","0","0","0","0","0","0","0",,"0"
"Jay, Jon",445055,2020,"0","0","0","0","0","0","0","0","0","0","0","0",,"0"
"Iglesias, Jose",578428,2020,"0","0","0","0","0","0","0","0","0","0","0","0",,"0"
"Grandal, Yasmani",518735,2020,"0","0","0","0","0","0","1","0","0","0","0","0",,"1"
"Mercer, Jordy",474568,2020,"0","0","0","0","0","0","0","0","0","0","0","0",,"0"
"Arozarena, Randy",668227,2020,"4","0","0","0","0","0","0","0","0","4","0","0",,"0"
"Davidson, Matt",571602,2020,"0","0","0","0","0","0","0","0","0","0","0","0",,"0"
"O'Neill, Tyler",641933,2020,"3","1","0","0","0","0","0","0","0","3","0","0",,"0"
"Lowe, Nathaniel",663993,2020,"1","0","0","0","0","0","0","0","0","1","0","0",,"0"
"Marte, Ketel",606466,2020,"1","0","0","0","2","0","0","0","0","1","0","0",,"0"
"Lamb, Jake",571875,2020,"0","1","0","0","0","0","1","0","0","0","0","0",,"1"
"Straw, Myles",664702,2020,"5","2","0","0","0","0","0","0","0","6","0","0",,"0"
"Carpenter, Matt",572761,2020,"0","0","0","0","0","0","0","0","0","0","0","0",,"0"
"Young, Andrew",670370,2020,"0","0","0","0","0","0","1","0","0","0","0","0",,"1"
"Alvarez, Eddy",657193,2020,"2","0","0","0","0","0","0","0","0","1","0","1",,"0"
"McBroom, Ryan",643436,2020,"0","0","0","0","0","0","0","0","0","0","0","0",,"0"
"Santana, Domingo",570267,2020,"0","0","0","0","0","0","0","0","0","0","0","0",,"0"
"Albies, Ozzie",645277,2020,"3","1","0","0","0","0","0","0","0","3","0","0",,"0"
"Stallings, Jacob",607732,2020,"0","0","0","0","0","0","0","0","0","0","0","0",,"0"
"Andrus, Elvis",462101,2020,"3","1","0","0","1","0","0","0","0","1","2","0",,"0"
"Kemp, Tony",643393,2020,"3","0","1","0","0","0","0","0","0","3","0","0",,"0"
"Kirk, Alejandro",672386,2020,"0","0","0","0","0","0","0","0","0","0","0","0",,"0"
"Arenado, Nolan",571448,2020,"0","0","0","0","0","0","0","0","0","0","0","0",,"0"
"Duggar, Steven",621453,2020,"1","0","0","0","0","0","0","0","0","1","0","0",,"0"
"Maldonado, Martín",455117,2020,"1","0","0","0","0","0","0","0","0","1","0","0",,"0"
"Gomes, Yan",543228,2020,"1","0","0","0","0","0","0","0","0","1","0","0",,"0"
"Lewis, Kyle",641786,2020,"5","1","0","0","0","0","1","0","0","5","0","0",,"1"
"Valaika, Pat",642162,2020,"0","2","0","0","0","0","0","0","0","0","0","0",,"0"
"Olivares, Edward",658668,2020,"0","2","0","0","0","0","2","0","0","0","0","0",,"2"
"Hiura, Keston",669374,2020,"3","2","0","0","0","0","0","0","0","2","1","0",,"0"
"Tapia, Raimel",606132,2020,"8","2","0","0","0","0","0","0","0","6","2","0",,"0"
"Zunino, Mike",572287,2020,"0","0","0","0","0","0","0","0","0","0","0","0",,"0"
"d'Arnaud, Travis",518595,2020,"1","0","0","0","0","0","0","0","0","1","0","0",,"0"
"McCarthy, Joe",663411,2020,"0","0","0","0","0","0","0","0","0","0","0","0",,"0"
"Edman, Tommy",669242,2020,"2","2","2","0","0","0","0","0","0","2","0","0",,"0"
"Stevenson, Andrew",664057,2020,"2","0","0","0","0","0","0","0","0","2","0","0",,"0"
"Benintendi, Andrew",643217,2020,"1","2","0","0","0","0","0","0","0","1","0","0",,"0"
"Schoop, Jonathan",570731,2020,"0","0","0","0","0","0","0","0","0","0","0","0",,"0"
"Hill, Derek",656537,2020,"0","0","0","0","0","0","0","0","0","0","0","0",,"0"
"Ravelo, Rangel",592660,2020,"0","0","0","0","0","0","0","0","0","0","0","0",,"0"
"Velazquez, Andrew",623205,2020,"4","1","0","1","0","0","0","0","0","3","1","0",,"0"
"Slater, Austin",596103,2020,"8","1","0","0","0","0","0","0","0","8","0","0",,"0"
"Acuña Jr., Ronald",660670,2020,"8","1","0","0","0","0","3","1","0","8","0","0",,"4"
"Hilliard, Sam",656541,2020,"3","0","0","0","0","0","0","0","0","3","0","0",,"0"
"Osuna, José",591741,2020,"0","1","0","0","0","0","0","0","0","0","0","0",,"0"
"Mondesi, Adalberto",609275,2020,"24","5","3","0","0","0","2","1","0","18","6","0",,"3"
"Goldschmidt, Paul",502671,2020,"1","0","0","0","0","0","0","0","0","0","1","0",,"0"
"Castellanos, Nick",592206,2020,"0","2","0","0","0","0","1","0","0","0","0","0",,"1"
"Ramos, Wilson",467092,2020,"0","0","0","0","0","0","0","0","0","0","0","0",,"0"
"Walton, Donovan",622268,2020,"0","1","0","0","0","0","1","0","0","0","0","0",,"1"
"Stassi, Max",545358,2020,"0","0","0","0","0","0","0","0","0","0","0","0",,"0"
"Solak, Nick",669256,2020,"7","1","0","0","0","0","2","0","0","6","1","0",,"2"
"Senzel, Nick",669222,2020,"2","1","0","0","0","0","0","0","0","2","0","0",,"0"
"Evans, Phillip",595943,2020,"0","1","0","0","0","0","0","0","0","0","0","0",,"0"
"Robert Jr., Luis",673357,2020,"9","2","0","0","2","0","0","0","0","8","1","0",,"0"
"Moreland, Mitch",519048,2020,"0","0","0","0","0","0","0","0","0","0","0","0",,"0"
"Cain, Lorenzo",456715,2020,"0","0","0","0","0","0","0","0","0","0","0","0",,"0"
"Smoak, Justin",475253,2020,"0","0","0","0","0","0","0","0","0","0","0","0",,"0"
"Castro, Harold",605612,2020,"0","0","0","0","0","0","0","0","0","0","0","0",,"0"
"Garcia, Greg",594824,2020,"1","0","0","0","0","0","0","0","0","1","0","0",,"0"
"Laureano, Ramón",657656,2020,"2","1","0","0","0","0","1","0","0","2","0","0",,"1"
"Guzmán, Ronald",608597,2020,"1","0","0","0","0","0","0","0","0","1","0","0",,"0"
"Naquin, Tyler",571980,2020,"0","1","0","0","0","0","0","0","0","0","0","0",,"0"
"Berti, Jon",542932,2020,"9","1","1","0","0","0","1","0","0","6","1","2",,"1"
"Machado, Manny",592518,2020,"6","1","2","0","0","0","0","1","0","5","1","0",,"1"
"Markakis, Nick",455976,2020,"0","1","0","0","0","0","0","0","0","0","0","0",,"0"
"Urías, Ramón",602104,2020,"0","0","0","0","1","0","0","0","0","0","0","0",,"0"
"Peralta, David",444482,2020,"1","0","0","0","0","0","0","0","0","1","0","0",,"0"
"Adrianza, Ehire",501303,2020,"1","0","0","0","0","0","0","0","0","1","0","0",,"0"
"Colón, Christian",518568,2020,"1","0","0","0","0","0","0","0","0","0","1","0",,"0"
"Bell, Josh",605137,2020,"0","0","0","0","0","0","0","0","0","0","0","0",,"0"
"Nimmo, Brandon",607043,2020,"1","2","0","0","2","0","0","0","0","1","0","0",,"0"
"Rizzo, Anthony",519203,2020,"3","1","0","0","0","0","1","0","0","3","0","0",,"1"
"Walsh, Jared",665120,2020,"0","0","0","0","0","0","0","0","0","0","0","0",,"0"
"Hoskins, Rhys",656555,2020,"1","0","0","0","0","0","0","0","0","1","0","0",,"0"
"Collins, Zack",641470,2020,"0","0","0","0","0","0","0","0","0","0","0","0",,"0"
"Dubón, Mauricio",643289,2020,"2","2","1","0","1","0","0","0","0","2","0","0",,"0"
"Turner, Trea",607208,2020,"11","4","0","0","1","0","1","0","0","9","3","0",,"1"
"Santana, Carlos",467793,2020,"0","0","0","0","0","0","0","0","0","0","0","0",,"0"
"Williams, Mason",592863,2020,"0","0","0","1","0","0","0","0","0","0","0","0",,"0"
"Chang, Yu",644374,2020,"0","0","0","0","0","0","0","0","0","0","0","0",,"0"
"Schrock, Max",621011,2020,"0","0","0","0","0","0","0","0","0","0","0","0",,"0"
"Marte, Starling",516782,2020,"10","1","1","0","5","0","0","0","0","9","1","0",,"0"
"Realmuto, J.T.",592663,2020,"4","1","0","0","0","0","0","0","0","4","0","0",,"0"
"Madrigal, Nick",663611,2020,"2","1","0","0","0","0","0","0","0","2","0","0",,"0"
"Mullins II, Cedric",656775,2020,"7","2","0","0","2","0","0","0","0","6","1","0",,"0"
"Strange-Gordon, Dee",543829,2020,"3","1","1","0","0","0","0","0","0","2","1","0",,"0"
"Farmer, Kyle",571657,2020,"1","0","0","0","0","0","0","0","0","1","0","0",,"0"
"Bemboom, Anthony",621532,2020,"0","1","0","0","0","0","0","0","0","0","0","0",,"0"
"Heineman, Scott",595981,2020,"3","0","0","0","0","0","0","0","0","2","1","0",,"0"
"Arroyo, Christian",624414,2020,"0","0","0","0","0","0","0","0","0","0","0","0",,"0"
"Sanó, Miguel",593934,2020,"0","0","0","0","0","0","0","0","0","0","0","0",,"0"
"Nido, Tomás",621512,2020,"0","0","0","0","0","0","0","0","0","0","0","0",,"0"
"Nottingham, Jacob",641924,2020,"0","0","0","0","0","0","0","0","0","0","0","0",,"0"
"Yastrzemski, Mike",573262,2020,"2","1","0","0","0","0","0","0","0","2","0","0",,"0"
"Freeman, Freddie",518692,2020,"2","0","0","0","0","0","0","0","0","2","0","0",,"0"
"Solano, Donovan",456781,2020,"0","0","0","0","0","0","0","0","0","0","0","0",,"0"
"Andujar, Miguel",609280,2020,"0","0","0","0","1","0","0","0","0","0","0","0",,"0"
"Trevino, Jose",624431,2020,"0","0","0","0","0","0","0","0","0","0","0","0",,"0"
"Heim, Jonah",641680,2020,"0","0","0","0","0","0","0","0","0","0","0","0",,"0"
"Ona, Jorge",671250,2020,"0","0","0","0","1","0","0","0","0","0","0","0",,"0"
"Martin, Jason",641829,2020,"0","0","0","0","0","0","0","0","0","0","0","0",,"0"
"Tromp, Chadwick",644433,2020,"0","0","0","0","0","0","0","0","0","0","0","0",,"0"
"Luplow, Jordan",656669,2020,"0","1","0","0","0","0","1","0","0","0","0","0",,"1"
"Trout, Mike",545361,2020,"1","1","0","0","0","0","0","0","0","1","0","0",,"0"
"García, Luis",671277,2020,"1","1","0","0","0","0","0","0","0","1","0","0",,"0"
"Wendle, Joey",621563,2020,"8","2","0","0","0","0","0","0","0","5","3","0",,"0"
"Marmolejos, José",592530,2020,"0","1","0","0","0","0","0","0","0","0","0","0",,"0"
"Odom, Joseph",641929,2020,"0","0","0","0","0","0","0","0","0","0","0","0",,"0"
"Gamel, Ben",592325,2020,"0","2","0","0","0","0","2","0","0","0","0","0",,"2"
"Harrison, Monte",656509,2020,"6","0","0","0","0","0","1","0","0","4","2","0",,"1"
"Sánchez, Ali",645305,2020,"0","0","0","0","0","0","0","0","0","0","0","0",,"0"
"Jiménez, Eloy",650391,2020,"0","0","0","0","0","0","0","0","0","0","0","0",,"0"
"Polanco, Jorge",593871,2020,"4","2","0","0","0","0","0","0","0","4","0","0",,"0"
"Machín, Vimael",605353,2020,"0","0","0","0","0","0","0","0","0","0","0","0",,"0"
"Brantley Jr., Michael",488726,2020,"2","0","0","0","0","0","0","0","0","1","1","0",,"0"
"Davis, Jonathan",641505,2020,"1","0","0","0","0","0","0","0","0","1","0","0",,"0"
"Taylor, Michael A.",572191,2020,"0","0","0","0","1","0","0","0","0","0","0","0",,"0"
"Stanton, Giancarlo",519317,2020,"1","1","0","0","0","0","0","0","0","1","0","0",,"0"
"Cronenworth, Jake",630105,2020,"3","1","0","0","0","0","0","0","0","2","1","0",,"0"
"O'Hearn, Ryan",656811,2020,"0","0","0","0","0","0","0","0","0","0","0","0",,"0"
"Piscotty, Stephen",572039,2020,"4","0","0","0","0","0","0","0","0","4","0","0",,"0"
"Phillips, Brett",621433,2020,"6","1","0","0","0","0","0","0","0","5","1","0",,"0"
"Santander, Anthony",623993,2020,"0","1","0","0","0","0","0","0","0","0","0","0",,"0"
"Puello, César",527049,2020,"0","0","0","0","0","0","0","0","0","0","0","0",,"0"
"Barnhart, Tucker",571466,2020,"0","0","0","0","0","0","0","0","0","0","0","0",,"0"
"Abreu, José",547989,2020,"0","0","0","0","0","0","0","0","0","0","0","0",,"0"
"Jones, Taylor",622100,2020,"0","0","0","0","0","0","0","0","0","0","0","0",,"0"
"Demeritte, Travis",641513,2020,"0","0","0","0","0","0","0","0","0","0","0","0",,"0"
"Huff, Sam",669087,2020,"0","0","0","0","0","0","0","0","0","0","0","0",,"0"
"Anderson, Brian",605119,2020,"0","0","0","0","0","0","0","0","0","0","0","0",,"0"
"Maybin, Cameron",457727,2020,"3","0","0","0","1","0","0","0","0","2","1","0",,"0"
"Jansen, Danny",643376,2020,"0","0","0","0","0","0","0","0","0","0","0","0",,"0"
"Cron, C.J.",543068,2020,"0","0","0","0","0","0","0","0","0","0","0","0",,"0"
"Caratini, Victor",605170,2020,"0","1","0","0","0","0","0","0","0","0","0","0",,"0"
"Bader, Harrison",664056,2020,"3","1","0","0","0","0","0","0","0","3","0","0",,"0"
"Davis, Chris",448801,2020,"0","0","0","0","0","0","0","0","0","0","0","0",,"0"
"Holaday, Bryan",592407,2020,"0","0","0","0","0","0","0","0","0","0","0","0",,"0"
"Mazara, Nomar",608577,2020,"0","1","0","0","0","0","0","0","0","0","0","0",,"0"
"Verdugo, Alex",657077,2020,"4","0","0","0","0","0","0","0","0","3","1","0",,"0"
"Taylor, Tyrone",621438,2020,"0","0","0","0","0","0","0","0","0","0","0","0",,"0"
"Fraley, Jake",641584,2020,"2","1","0","0","0","0","0","0","0","2","0","0",,"0"
"Hernandez, Yadiel",628450,2020,"0","0","0","0","0","0","0","0","0","0","0","0",,"0"
"Báez, Javier",595879,2020,"3","0","0","0","0","0","0","0","0","3","0","0",,"0"
"Basabe, Luis Alexander",642772,2020,"2","0","0","0","0","0","0","0","0","2","0","0",,"0"
"Rojas, Josh",668942,2020,"1","1","0","0","0","0","0","0","0","1","0","0",,"0"
"Haase, Eric",606992,2020,"0","0","0","0","0","0","0","0","0","0","0","0",,"0"
"Hernández, César",514917,2020,"0","0","0","0","0","0","2","0","0","0","0","0",,"2"
"Duvall, Adam",594807,2020,"0","0","0","0","0","0","0","0","0","0","0","0",,"0"
"Turner, Justin",457759,2020,"1","0","0","0","0","0","0","0","0","1","0","0",,"0"
"La Stella, Tommy",600303,2020,"1","0","0","0","0","0","0","0","0","1","0","0",,"0"
"Alcántara, Sergio",642727,2020,"0","0","0","0","0","0","0","0","0","0","0","0",,"0"
"Alfaro, Jorge",595751,2020,"2","0","0","0","0","0","0","0","0","2","0","0",,"0"
"Yelich, Christian",592885,2020,"4","2","0","0","0","0","0","0","0","4","0","0",,"0"
"McCann, James",543510,2020,"1","1","0","0","0","0","0","0","0","1","0","0",,"0"
"Lavarnway, Ryan",543432,2020,"0","0","0","0","0","0","0","0","0","0","0","0",,"0"
"Pham, Tommy",502054,2020,"6","0","0","0","0","0","0","0","0","5","1","0",,"0"
"Barrero, José",676480,2020,"1","0","1","0","1","0","0","0","0","0","1","0",,"0"
"Mathisen, Wyatt",621500,2020,"0","0","0","0","0","0","0","0","0","0","0","0",,"0"
"Kiermaier, Kevin",595281,2020,"8","1","0","0","0","0","1","0","0","7","1","0",,"1"
"Johnson, Daniel",669288,2020,"0","0","0","0","0","0","0","0","0","0","0","0",,"0"
"Lux, Gavin",666158,2020,"1","0","0","0","0","0","0","0","0","1","0","0",,"0"
"Grisham, Trent",663757,2020,"10","1","0","0","1","0","0","0","0","7","3","0",,"0"
"Belt, Brandon",474832,2020,"0","0","0","0","0","0","0","0","0","0","0","0",,"0"
"Hernández, Teoscar",606192,2020,"6","1","0","0","0","0","1","1","0","3","3","0",,"2"
"Conforto, Michael",624424,2020,"3","3","0","0","0","0","0","0","0","2","1","0",,"0"
"Heyward, Jason",518792,2020,"2","0","0","0","0","0","0","0","0","2","0","0",,"0"
"Seager, Kyle",572122,2020,"5","0","0","0","0","0","0","0","0","5","0","0",,"0"
"Bonifacio, Jorge",593528,2020,"0","0","0","0","2","0","0","0","0","0","0","0",,"0"
"Harper, Bryce",547180,2020,"8","2","0","0","0","0","0","0","0","6","2","0",,"0"
"León, Sandy",506702,2020,"0","0","0","0","0","0","0","0","0","0","0","0",,"0"
"Pinder, Chad",640461,2020,"0","0","0","0","0","0","0","0","0","0","0","0",,"0"
"Apostel, Sherten",665947,2020,"0","0","0","0","0","0","0","0","0","0","0","0",,"0"
"Engel, Adam",641553,2020,"1","0","0","0","0","0","0","0","0","1","0","0",,"0"
"Judge, Aaron",592450,2020,"0","1","0","0","0","0","0","0","0","0","0","0",,"0"
"Holt, Brock",571788,2020,"1","0","0","0","0","0","0","0","0","1","0","0",,"0"
"Springer III, George",543807,2020,"1","2","0","0","0","0","0","0","0","0","1","0",,"0"
"Mendick, Danny",664901,2020,"0","1","0","0","0","0","0","0","0","0","0","0",,"0"
"Molina, Yadier",425877,2020,"0","0","0","0","0","0","0","0","0","0","0","0",,"0"
"Moore, Dylan",664238,2020,"12","5","0","0","0","0","2","0","0","11","1","0",,"2"
"Hedges, Austin",595978,2020,"1","1","0","0","0","0","0","0","0","1","0","0",,"0"
"Casali, Curt",592200,2020,"2","0","0","0","0","0","0","0","0","2","0","0",,"0"
"Rooker Jr., Brent",667670,2020,"0","0","0","0","0","0","0","0","0","0","0","0",,"0"
"France, Ty",664034,2020,"0","0","0","0","0","0","0","0","0","0","0","0",,"0"
"Lopez, Nicky",670032,2020,"0","5","0","0","0","0","0","0","0","0","0","0",,"0"
"Moran, Colin",592567,2020,"0","0","0","0","0","0","0","0","0","0","0","0",,"0"
"Merrifield, Whit",593160,2020,"12","3","0","0","0","0","1","0","0","8","4","0",,"1"
"Renfroe, Hunter",592669,2020,"2","0","0","0","0","0","0","0","0","2","0","0",,"0"
"Almonte, Abraham",501659,2020,"1","1","0","0","0","0","0","0","0","0","1","0",,"0"
"Avila, Alex",488671,2020,"0","0","0","0","0","0","0","0","0","0","0","0",,"0"
"Lindor, Francisco",596019,2020,"6","2","0","0","0","0","1","0","0","6","0","0",,"1"
"Shaw, Travis",543768,2020,"0","0","0","0","0","0","0","0","0","0","0","0",,"0"
"Joyce, Matt",459964,2020,"1","0","0","0","0","0","0","0","0","1","0","0",,"0"
"Bogaerts, Xander",593428,2020,"8","0","0","0","0","0","0","0","0","5","3","0",,"0"
"Kiner-Falefa, Isiah",643396,2020,"8","4","1","0","0","0","1","0","0","8","0","0",,"1"
"Knizner, Andrew",668800,2020,"0","0","0","0","0","0","0","0","0","0","0","0",,"0"
"Mayfield, Jack",608686,2020,"0","0","0","0","0","0","0","0","0","0","0","0",,"0"
"Barnes, Austin",605131,2020,"3","0","0","0","0","0","0","0","0","3","0","0",,"0"
"Goodrum, Niko",592348,2020,"7","1","0","0","0","0","0","0","0","6","1","0",,"0"
"Kieboom, Carter",666198,2020,"0","0","0","1","0","0","0","0","0","0","0","0",,"0"
"Dyson, Jarrod",502481,2020,"6","0","0","0","0","0","0","1","0","5","1","0",,"1"
"Owings, Chris",572008,2020,"1","0","0","0","0","0","0","0","0","1","0","0",,"0"
"Romine, Austin",519222,2020,"0","0","0","0","0","0","0","0","0","0","0","0",,"0"
"Bryant, Kris",592178,2020,"0","0","0","0","0","0","0","0","0","0","0","0",,"0"
"Schwarber, Kyle",656941,2020,"1","0","0","0","0","0","0","0","0","1","0","0",,"0"
"Walker, Neil",435522,2020,"0","0","0","0","0","0","0","0","0","0","0","0",,"0"
"White, Evan",657108,2020,"1","2","0","0","1","0","1","0","0","1","0","0",,"1"
"DeShields, Delino",592261,2020,"3","1","1","0","0","0","1","0","0","3","0","0",,"1"
"Lin, Tzu-Wei",624407,2020,"0","0","0","0","0","0","0","0","0","0","0","0",,"0"
"Oliva, Jared",666931,2020,"1","0","0","0","0","0","0","0","0","1","0","0",,"0"
"Garcia, Leury",544725,2020,"0","0","0","0","0","0","0","0","0","0","0","0",,"0"
"Correa, Carlos",621043,2020,"0","0","0","0","0","0","0","0","0","0","0","0",,"0"
"Crawford, J.P.",641487,2020,"6","3","0","0","0","0","0","0","0","6","0","0",,"0"
"Santana, Danny",542454,2020,"2","0","0","0","0","0","0","0","0","2","0","0",,"0"
"Dozier, Hunter",641531,2020,"4","0","0","0","0","0","0","0","0","4","0","0",,"0"
"Dietrich, Derek",518618,2020,"1","1","0","0","0","0","0","0","0","1","0","0",,"0"
"Sánchez, Jesús",660821,2020,"0","0","0","0","0","0","0","0","0","0","0","0",,"0"
"Morrison, Logan",489149,2020,"0","0","0","0","0","0","0","0","0","0","0","0",,"0"
"Kendrick III, Howie",435062,2020,"0","0","0","0","0","0","0","0","0","0","0","0",,"0"
"Simmons, Andrelton",592743,2020,"2","0","0","0","0","0","0","0","0","1","1","0",,"0"
"Thames, Eric",519346,2020,"1","0","0","0","0","0","0","0","0","1","0","0",,"0"
"Haseley, Adam",656514,2020,"0","0","0","0","1","0","0","0","0","0","0","0",,"0"
"Castro, Jason",488771,2020,"0","0","0","0","0","0","0","0","0","0","0","0",,"0"
"Freeman, Mike",502273,2020,"0","0","0","0","0","0","0","1","0","0","0","0",,"1"
"Swanson, Dansby",621020,2020,"5","0","0","0","0","0","1","0","0","4","1","0",,"1"
"Frazier, Todd",453943,2020,"1","1","0","0","0","0","0","0","0","1","0","0",,"0"
"Gurriel Jr., Lourdes",666971,2020,"3","1","0","0","0","0","0","0","0","2","1","0",,"0"
"Mountcastle, Ryan",663624,2020,"0","1","0","0","0","0","0","0","0","0","0","0",,"0"
"Chavis, Michael",656308,2020,"3","0","0","0","0","0","0","0","0","3","0","0",,"0"
"Candelario, Jeimer",600869,2020,"1","1","0","0","0","0","0","0","0","1","0","0",,"0"
"Ruf, Darin",573131,2020,"1","0","0","0","0","0","0","0","0","1","0","0",,"0"
"Wolters, Tony",547172,2020,"0","0","0","0","0","0","0","0","0","0","0","0",,"0"
"Castro, Willi",650489,2020,"0","1","0","0","0","0","0","0","0","0","0","0",,"0"
"Dalbec, Bobby",666915,2020,"0","0","0","0","0","0","0","0","0","0","0","0",,"0"
"Hayes, Ke'Bryan",663647,2020,"1","0","0","0","0","0","0","0","0","1","0","0",,"0"
"Plawecki, Kevin",608700,2020,"1","0","0","0","0","0","0","0","0","1","0","0",,"0"
"Crawford, Brandon",543063,2020,"1","2","0","0","1","0","1","0","0","1","0","0",,"1"
"Delmonico, Nicky",547170,2020,"0","0","0","0","0","0","0","0","0","0","0","0",,"0"
"McMahon, Ryan",641857,2020,"0","0","0","1","0","0","0","0","0","0","0","0",,"0"
"Sisco, Chance",642082,2020,"0","0","0","0","1","0","0","0","0","0","0","0",,"0"
"Aquino, Aristides",606157,2020,"1","0","0","0","0","0","0","0","0","1","0","0",,"0"
"Bart, Joey",663698,2020,"0","0","0","0","0","0","0","0","0","0","0","0",,"0"